[{"pk": 1, "model": "contenttypes.contenttype", "fields": {"model": "permission", "name": "permission", "app_label": "auth"}}, {"pk": 2, "model": "contenttypes.contenttype", "fields": {"model": "group", "name": "group", "app_label": "auth"}}, {"pk": 3, "model": "contenttypes.contenttype", "fields": {"model": "user", "name": "user", "app_label": "auth"}}, {"pk": 4, "model": "contenttypes.contenttype", "fields": {"model": "contenttype", "name": "content type", "app_label": "contenttypes"}}, {"pk": 5, "model": "contenttypes.contenttype", "fields": {"model": "session", "name": "session", "app_label": "sessions"}}, {"pk": 6, "model": "contenttypes.contenttype", "fields": {"model": "site", "name": "site", "app_label": "sites"}}, {"pk": 7, "model": "contenttypes.contenttype", "fields": {"model": "logentry", "name": "log entry", "app_label": "admin"}}, {"pk": 8, "model": "contenttypes.contenttype", "fields": {"model": "image", "name": "Image", "app_label": "imgfile"}}, {"pk": 9, "model": "contenttypes.contenttype", "fields": {"model": "file", "name": "File", "app_label": "imgfile"}}, {"pk": 10, "model": "contenttypes.contenttype", "fields": {"model": "room", "name": "\u041a\u043e\u043c\u043d\u0430\u0442\u0430", "app_label": "core"}}, {"pk": 11, "model": "contenttypes.contenttype", "fields": {"model": "kitchen", "name": "\u041a\u0443\u0445\u043d\u044f", "app_label": "core"}}, {"pk": 12, "model": "contenttypes.contenttype", "fields": {"model": "wc", "name": "\u0422\u0443\u0430\u043b\u0435\u0442", "app_label": "core"}}, {"pk": 13, "model": "contenttypes.contenttype", "fields": {"model": "hallway", "name": "\u041f\u0440\u0438\u0445\u043e\u0436\u0430\u044f", "app_label": "core"}}, {"pk": 14, "model": "contenttypes.contenttype", "fields": {"model": "developer", "name": "Developer", "app_label": "core"}}, {"pk": 15, "model": "contenttypes.contenttype", "fields": {"model": "regionalbudget", "name": "RegionalBudget", "app_label": "mo"}}, {"pk": 16, "model": "contenttypes.contenttype", "fields": {"model": "federalbudget", "name": "FederalBudget", "app_label": "mo"}}, {"pk": 17, "model": "contenttypes.contenttype", "fields": {"model": "subvention", "name": "Subvention", "app_label": "mo"}}, {"pk": 18, "model": "contenttypes.contenttype", "fields": {"model": "mo", "name": "MO", "app_label": "mo"}}, {"pk": 19, "model": "contenttypes.contenttype", "fields": {"model": "departamentagreement", "name": "DepartamentAgreement", "app_label": "mo"}}, {"pk": 20, "model": "contenttypes.contenttype", "fields": {"model": "orphan", "name": "Orphan", "app_label": "mo"}}, {"pk": 21, "model": "contenttypes.contenttype", "fields": {"model": "peopleamount", "name": "PeopleAmount", "app_label": "mo"}}, {"pk": 22, "model": "contenttypes.contenttype", "fields": {"model": "contract", "name": "Contract", "app_label": "cmp"}}, {"pk": 23, "model": "contenttypes.contenttype", "fields": {"model": "person", "name": "Person", "app_label": "cmp"}}, {"pk": 24, "model": "contenttypes.contenttype", "fields": {"model": "comparedata", "name": "CompareData", "app_label": "cmp"}}, {"pk": 25, "model": "contenttypes.contenttype", "fields": {"model": "result", "name": "\u041e\u0441\u043c\u043e\u0442\u0440", "app_label": "cmp"}}, {"pk": 26, "model": "contenttypes.contenttype", "fields": {"model": "auction", "name": "Auction", "app_label": "cmp"}}, {"pk": 27, "model": "contenttypes.contenttype", "fields": {"model": "ground", "name": "\u0417\u0435\u043c\u0430\u043b\u044c\u043d\u044b\u0439 \u0443\u0447\u0430\u0441\u0442\u043e\u043a", "app_label": "build"}}, {"pk": 28, "model": "contenttypes.contenttype", "fields": {"model": "building", "name": "Building", "app_label": "build"}}, {"pk": 29, "model": "contenttypes.contenttype", "fields": {"model": "payment", "name": "Payment", "app_label": "payment"}}, {"pk": 30, "model": "contenttypes.contenttype", "fields": {"model": "migrationhistory", "name": "migration history", "app_label": "south"}}, {"pk": "ydmez41lfsx2jrzspiypr5rn2j4fai5m", "model": "sessions.session", "fields": {"expire_date": "2013-12-15T20:10:55.702Z", "session_data": "NzQ2MTBhZjg1MzkxN2Y1NjJmNGFjM2VmYmQ1NTA2ZmM2NDQ4YzQyZjqAAn1xAShVEl9hdXRoX3VzZXJfYmFja2VuZHECVSlkamFuZ28uY29udHJpYi5hdXRoLmJhY2tlbmRzLk1vZGVsQmFja2VuZHEDVQ1fYXV0aF91c2VyX2lkcQRLAXUu"}}, {"pk": 1, "model": "sites.site", "fields": {"domain": "example.com", "name": "example.com"}}, {"pk": 1, "model": "core.room", "fields": {"heaters": true, "ceiling": 0, "floor": 0, "wall": 0, "ceiling_hook": true, "switches": true, "lamp": true, "smoke_filter": true, "sockets": true}}, {"pk": 2, "model": "core.room", "fields": {"heaters": null, "ceiling": null, "floor": 0, "wall": null, "ceiling_hook": null, "switches": null, "lamp": null, "smoke_filter": null, "sockets": null}}, {"pk": 3, "model": "core.room", "fields": {"heaters": true, "ceiling": 0, "floor": 0, "wall": 0, "ceiling_hook": true, "switches": true, "lamp": true, "smoke_filter": true, "sockets": true}}, {"pk": 4, "model": "core.room", "fields": {"heaters": true, "ceiling": 0, "floor": 0, "wall": 0, "ceiling_hook": true, "switches": true, "lamp": true, "smoke_filter": true, "sockets": true}}, {"pk": 5, "model": "core.room", "fields": {"heaters": null, "ceiling": null, "floor": 0, "wall": null, "ceiling_hook": null, "switches": null, "lamp": null, "smoke_filter": null, "sockets": null}}, {"pk": 6, "model": "core.room", "fields": {"heaters": true, "ceiling": 0, "floor": 0, "wall": 0, "ceiling_hook": true, "switches": true, "lamp": true, "smoke_filter": true, "sockets": true}}, {"pk": 1, "model": "core.kitchen", "fields": {"heaters": true, "ceiling": 1, "floor": 2, "wall": 3, "ceiling_hook": true, "electrix_stove": true, "sink_with_mixer": true, "switches": true, "gas_stove": false, "lamp": true, "smoke_filter": true, "sockets": true}}, {"pk": 2, "model": "core.kitchen", "fields": {"heaters": null, "ceiling": null, "floor": 2, "wall": null, "ceiling_hook": null, "electrix_stove": null, "sink_with_mixer": null, "switches": null, "gas_stove": null, "lamp": null, "smoke_filter": null, "sockets": null}}, {"pk": 3, "model": "core.kitchen", "fields": {"heaters": true, "ceiling": 1, "floor": 2, "wall": 3, "ceiling_hook": true, "electrix_stove": true, "sink_with_mixer": true, "switches": true, "gas_stove": false, "lamp": true, "smoke_filter": true, "sockets": true}}, {"pk": 4, "model": "core.kitchen", "fields": {"heaters": true, "ceiling": 1, "floor": 2, "wall": 3, "ceiling_hook": true, "electrix_stove": true, "sink_with_mixer": true, "switches": true, "gas_stove": false, "lamp": true, "smoke_filter": true, "sockets": true}}, {"pk": 5, "model": "core.kitchen", "fields": {"heaters": null, "ceiling": null, "floor": 3, "wall": null, "ceiling_hook": null, "electrix_stove": null, "sink_with_mixer": null, "switches": null, "gas_stove": null, "lamp": null, "smoke_filter": null, "sockets": null}}, {"pk": 6, "model": "core.kitchen", "fields": {"heaters": true, "ceiling": 1, "floor": 2, "wall": 3, "ceiling_hook": true, "electrix_stove": true, "sink_with_mixer": true, "switches": true, "gas_stove": false, "lamp": true, "smoke_filter": true, "sockets": true}}, {"pk": 1, "model": "core.wc", "fields": {"heaters": false, "ceiling": 1, "is_tower_dryer": true, "floor": 3, "wall": 1, "ceiling_hook": false, "separate": 0, "sink_with_mixer": true, "switches": false, "is_toilet": true, "lamp": true, "bath_with_mixer": true, "smoke_filter": false, "sockets": false}}, {"pk": 2, "model": "core.wc", "fields": {"heaters": null, "ceiling": null, "is_tower_dryer": null, "floor": 3, "wall": null, "ceiling_hook": null, "separate": null, "sink_with_mixer": null, "switches": null, "is_toilet": null, "lamp": null, "bath_with_mixer": null, "smoke_filter": null, "sockets": null}}, {"pk": 3, "model": "core.wc", "fields": {"heaters": false, "ceiling": 1, "is_tower_dryer": true, "floor": 2, "wall": 3, "ceiling_hook": true, "separate": 0, "sink_with_mixer": true, "switches": false, "is_toilet": true, "lamp": true, "bath_with_mixer": true, "smoke_filter": false, "sockets": false}}, {"pk": 4, "model": "core.wc", "fields": {"heaters": false, "ceiling": 1, "is_tower_dryer": true, "floor": 2, "wall": 1, "ceiling_hook": true, "separate": 0, "sink_with_mixer": true, "switches": false, "is_toilet": true, "lamp": true, "bath_with_mixer": true, "smoke_filter": false, "sockets": false}}, {"pk": 5, "model": "core.wc", "fields": {"heaters": null, "ceiling": null, "is_tower_dryer": null, "floor": 2, "wall": null, "ceiling_hook": null, "separate": null, "sink_with_mixer": null, "switches": null, "is_toilet": null, "lamp": null, "bath_with_mixer": null, "smoke_filter": null, "sockets": null}}, {"pk": 6, "model": "core.wc", "fields": {"heaters": true, "ceiling": 1, "is_tower_dryer": true, "floor": 2, "wall": 1, "ceiling_hook": true, "separate": 0, "sink_with_mixer": true, "switches": true, "is_toilet": true, "lamp": true, "bath_with_mixer": true, "smoke_filter": false, "sockets": true}}, {"pk": 1, "model": "core.hallway", "fields": {"heaters": true, "ceiling": 0, "floor": 0, "wall": 0, "ceiling_hook": true, "switches": true, "lamp": true, "smoke_filter": false, "sockets": true}}, {"pk": 2, "model": "core.hallway", "fields": {"heaters": null, "ceiling": null, "floor": 1, "wall": null, "ceiling_hook": null, "switches": null, "lamp": null, "smoke_filter": null, "sockets": null}}, {"pk": 3, "model": "core.hallway", "fields": {"heaters": false, "ceiling": 0, "floor": 0, "wall": 0, "ceiling_hook": true, "switches": true, "lamp": true, "smoke_filter": false, "sockets": true}}, {"pk": 4, "model": "core.hallway", "fields": {"heaters": true, "ceiling": 0, "floor": 0, "wall": 0, "ceiling_hook": true, "switches": true, "lamp": true, "smoke_filter": true, "sockets": true}}, {"pk": 5, "model": "core.hallway", "fields": {"heaters": null, "ceiling": null, "floor": 1, "wall": null, "ceiling_hook": null, "switches": null, "lamp": null, "smoke_filter": null, "sockets": null}}, {"pk": 6, "model": "core.hallway", "fields": {"heaters": false, "ceiling": 0, "floor": 0, "wall": 0, "ceiling_hook": true, "switches": true, "lamp": true, "smoke_filter": false, "sockets": true}}, {"pk": 1, "model": "core.developer", "fields": {"name": "\u041e\u0410\u041e \"\u0416\u0438\u043b\u0421\u0442\u0440\u043e\u0439\"", "doc": null, "boss_position": "\u042e.\u0413. \u0418\u0432\u0430\u043d\u043e\u0432, \u0433\u0435\u043d. \u0434\u0438\u0440\u0435\u043a\u0442\u043e\u0440", "face_list": 0, "phone": "212-17-17", "address": "\u0443\u043b. \u041b\u0435\u043d\u0438\u043d\u0430\u0431 \u0434.1", "image": null}}, {"pk": 1, "model": "mo.regionalbudget", "fields": {"adm_coef": 1, "sub_sum": 10095860, "sub_orph_home": 10095860}}, {"pk": 2, "model": "mo.regionalbudget", "fields": {"adm_coef": 1, "sub_sum": 10095860, "sub_orph_home": 10095860}}, {"pk": 3, "model": "mo.regionalbudget", "fields": {"adm_coef": 1, "sub_sum": 10095860, "sub_orph_home": 10095860}}, {"pk": 4, "model": "mo.regionalbudget", "fields": {"adm_coef": 1, "sub_sum": 10095860, "sub_orph_home": null}}, {"pk": 5, "model": "mo.regionalbudget", "fields": {"adm_coef": 1, "sub_sum": 3331350, "sub_orph_home": 3331350}}, {"pk": 6, "model": "mo.regionalbudget", "fields": {"adm_coef": 1, "sub_sum": 3331350, "sub_orph_home": 3331350}}, {"pk": 1, "model": "mo.federalbudget", "fields": {"adm_coef": 1, "sub_sum": 10095860, "sub_orph_home": 10095860}}, {"pk": 2, "model": "mo.federalbudget", "fields": {"adm_coef": 1, "sub_sum": 10095860, "sub_orph_home": 10095860}}, {"pk": 3, "model": "mo.federalbudget", "fields": {"adm_coef": 1, "sub_sum": 10095860, "sub_orph_home": 10095860}}, {"pk": 4, "model": "mo.federalbudget", "fields": {"adm_coef": 1, "sub_sum": 10095860, "sub_orph_home": null}}, {"pk": 5, "model": "mo.federalbudget", "fields": {"adm_coef": 1, "sub_sum": 3334510, "sub_orph_home": 3334510}}, {"pk": 6, "model": "mo.federalbudget", "fields": {"adm_coef": 1, "sub_sum": 3334510, "sub_orph_home": 3334510}}, {"pk": 1, "model": "mo.subvention", "fields": {"date": null, "amount": 10095860, "reg_budget": null, "fed_budget": null}}, {"pk": 2, "model": "mo.subvention", "fields": {"date": null, "amount": 10095860, "reg_budget": null, "fed_budget": null}}, {"pk": 3, "model": "mo.subvention", "fields": {"date": null, "amount": 133382, "reg_budget": 5, "fed_budget": 5}}, {"pk": 4, "model": "mo.subvention", "fields": {"date": null, "amount": 13338270, "reg_budget": 6, "fed_budget": 6}}, {"pk": 1, "model": "mo.mo", "fields": {"creation_form": 0, "has_trouble": null, "name": "\u0413\u043e\u0440\u044f\u0447\u0438\u0439 \u041a\u043b\u044e\u0447", "home_orphans": 0}}, {"pk": 2, "model": "mo.mo", "fields": {"creation_form": 0, "has_trouble": null, "name": "\u0410\u0440\u043c\u0430\u0432\u0438\u0440", "home_orphans": 0}}, {"pk": 1, "model": "mo.departamentagreement", "fields": {"subvention": null, "mo": null, "creation_date": "2013-12-01T18:24:43.017Z", "subvention_performance": 12, "num": null, "date": null}}, {"pk": 2, "model": "mo.departamentagreement", "fields": {"subvention": null, "mo": null, "creation_date": "2013-12-01T18:25:20.323Z", "subvention_performance": 12, "num": null, "date": null}}, {"pk": 3, "model": "mo.departamentagreement", "fields": {"subvention": 3, "mo": 1, "creation_date": "2013-12-01T21:38:32.258Z", "subvention_performance": 36, "num": 1, "date": "2013-11-10"}}, {"pk": 4, "model": "mo.departamentagreement", "fields": {"subvention": 4, "mo": 2, "creation_date": "2013-12-01T21:40:10.924Z", "subvention_performance": 36, "num": 0, "date": "2013-11-10"}}, {"pk": 1, "model": "mo.peopleamount", "fields": {"mo": 1, "unhome_orphan": 116, "privilege_people": 50}}, {"pk": 2, "model": "mo.peopleamount", "fields": {"mo": 2, "unhome_orphan": 111, "privilege_people": 36}}, {"pk": 1, "model": "cmp.contract", "fields": {"internal_doors": 0, "is_routes": true, "water_removal": 0, "ground": null, "hot_water_supply": 0, "area": 1320, "clinic": 200, "num": "958687000001", "entrance_door": 2, "market": 200, "is_intercom": true, "gas_supply": false, "is_parking": true, "is_heat_boiler": true, "flats_amount": 40, "electric_supply": 0, "developer": 1, "window_constructions": 1, "kindergarden": 1200, "hallway": 3, "wc": 3, "kitchen": 3, "is_dustbin_area": true, "is_playground": true, "room": 3, "building": 1, "water_settlement": 0, "school": 1200, "sign_date": "2013-12-11", "name": "\u041a\u043e\u043d\u0442\u0440\u0430\u043a\u0442", "summa": 44900000, "mo": 1, "is_balcony": true, "driveways": 4, "floors": 9, "public_transport": 200, "is_clother_drying": false, "is_loggia": false, "is_water_boiler": true}}, {"pk": 1, "model": "cmp.comparedata", "fields": {"flats_amount": null, "is_routes": null, "is_intercom": null, "hot_water_supply": null, "area": null, "clinic": null, "floors": null, "entrance_door": null, "market": null, "water_removal": null, "gas_supply": null, "is_parking": null, "is_heat_boiler": null, "is_balcony": null, "electric_supply": null, "cmp_date": "2013-12-01T21:57:13.887Z", "window_constructions": null, "kindergarden": null, "hallway": 4, "wc": 4, "is_dustbin_area": null, "is_playground": null, "kitchen": 4, "water_settlement": null, "school": null, "room": 4, "internal_doors": null, "driveways": null, "public_transport": null, "is_clother_drying": null, "is_loggia": null, "is_water_boiler": null}}, {"pk": 1, "model": "cmp.result", "fields": {"building": 1, "doc_list": "", "doc_files": null, "contract": 1, "mo_pers": null, "cmp_data": 1, "recommend": " ", "check_date": "2013-11-10", "establish_pers": null, "ground": null}}, {"pk": 1, "model": "cmp.auction", "fields": {"internal_doors": null, "is_routes": null, "water_removal": null, "hot_water_supply": null, "area": 660, "clinic": null, "num": "687096870", "flat_area": 660, "entrance_door": null, "market": null, "is_intercom": null, "start_price": 20220000.0, "gas_supply": null, "is_parking": null, "is_heat_boiler": null, "flats_amount": 20, "public_date": "2013-11-10", "electric_supply": null, "open_date": "2013-12-01T22:03:52.069Z", "window_constructions": null, "stage": 4, "kindergarden": null, "hallway": 2, "wc": 2, "kitchen": 2, "flat_amount": 20, "is_dustbin_area": null, "is_playground": null, "room": 2, "water_settlement": null, "school": null, "name": "glklkjthjnht", "mo": 2, "is_balcony": null, "driveways": 4, "contract": null, "floors": 5, "public_transport": null, "is_clother_drying": null, "is_loggia": null, "is_water_boiler": null}}, {"pk": 2, "model": "cmp.auction", "fields": {"internal_doors": null, "is_routes": null, "water_removal": null, "hot_water_supply": null, "area": null, "clinic": null, "num": "58609586095", "flat_area": null, "entrance_door": null, "market": null, "is_intercom": null, "start_price": 1012000.0, "gas_supply": null, "is_parking": null, "is_heat_boiler": null, "flats_amount": null, "public_date": "2013-10-11", "electric_supply": null, "open_date": "2013-12-01T20:15:30.431Z", "window_constructions": null, "stage": 4, "kindergarden": null, "hallway": 5, "wc": 5, "kitchen": 5, "flat_amount": null, "is_dustbin_area": null, "is_playground": null, "room": 5, "water_settlement": null, "school": null, "name": "glmhlktmh", "mo": 1, "is_balcony": null, "driveways": null, "contract": 1, "floors": null, "public_transport": null, "is_clother_drying": null, "is_loggia": null, "is_water_boiler": null}}, {"pk": 1, "model": "build.building", "fields": {"comment": "\u0421\u0442\u0440\u043e\u0438\u0442\u0435\u043b\u044c\u043d\u044b\u0439 \u043e\u0431\u044a\u0435\u043a\u0442 \u0433\u043e\u0442\u043e\u0432 \u043a \u0437\u0430\u0441\u0435\u043b\u0435\u043d\u0438\u044e", "internal_doors": 0, "is_routes": true, "water_removal": 0, "hot_water_supply": 0, "area": 1320, "clinic": 200, "floors": 9, "complete_date": "2013-11-10", "entrance_door": 2, "market": 200, "is_intercom": true, "gas_supply": null, "is_parking": true, "is_heat_boiler": true, "flats_amount": 40, "payment_perspective": 0, "state": 0, "electric_supply": 0, "developer": 1, "window_constructions": 1, "kindergarden": 1200, "hallway": 1, "wc": 1, "water_settlement": 0, "is_dustbin_area": true, "address": "\u0443\u043b. \u041b\u0435\u043d\u0438\u043d\u0430, \u0434. 84", "is_playground": true, "kitchen": 1, "readiness": 4, "school": 1200, "room": 1, "mo": 1, "is_balcony": true, "driveways": 4, "public_transport": 200, "is_clother_drying": false, "is_loggia": false, "is_water_boiler": true}}, {"pk": 2, "model": "build.building", "fields": {"comment": "\u0421\u043a\u043e\u0440\u043e \u0441\u0434\u0430\u0447\u0430 \u043e\u0431\u044a\u0435\u043a\u0442\u0430", "internal_doors": 0, "is_routes": true, "water_removal": 0, "hot_water_supply": 0, "area": 660, "clinic": 200, "floors": 5, "complete_date": "2014-11-10", "entrance_door": 2, "market": 200, "is_intercom": true, "gas_supply": null, "is_parking": true, "is_heat_boiler": true, "flats_amount": 20, "payment_perspective": 0, "state": 1, "electric_supply": 0, "developer": 1, "window_constructions": 1, "kindergarden": 1200, "hallway": 6, "wc": 6, "water_settlement": 0, "is_dustbin_area": true, "address": "\u0443\u043b. \u041f\u0440\u044f\u043c\u0430\u044f, \u0434.78", "is_playground": true, "kitchen": 6, "readiness": 3, "school": 1200, "room": 6, "mo": 2, "is_balcony": false, "driveways": 4, "public_transport": 200, "is_clother_drying": false, "is_loggia": true, "is_water_boiler": true}}, {"pk": 1, "model": "auth.permission", "fields": {"codename": "add_permission", "name": "Can add permission", "content_type": 1}}, {"pk": 2, "model": "auth.permission", "fields": {"codename": "change_permission", "name": "Can change permission", "content_type": 1}}, {"pk": 3, "model": "auth.permission", "fields": {"codename": "delete_permission", "name": "Can delete permission", "content_type": 1}}, {"pk": 4, "model": "auth.permission", "fields": {"codename": "add_group", "name": "Can add group", "content_type": 2}}, {"pk": 5, "model": "auth.permission", "fields": {"codename": "change_group", "name": "Can change group", "content_type": 2}}, {"pk": 6, "model": "auth.permission", "fields": {"codename": "delete_group", "name": "Can delete group", "content_type": 2}}, {"pk": 7, "model": "auth.permission", "fields": {"codename": "add_user", "name": "Can add user", "content_type": 3}}, {"pk": 8, "model": "auth.permission", "fields": {"codename": "change_user", "name": "Can change user", "content_type": 3}}, {"pk": 9, "model": "auth.permission", "fields": {"codename": "delete_user", "name": "Can delete user", "content_type": 3}}, {"pk": 10, "model": "auth.permission", "fields": {"codename": "add_contenttype", "name": "Can add content type", "content_type": 4}}, {"pk": 11, "model": "auth.permission", "fields": {"codename": "change_contenttype", "name": "Can change content type", "content_type": 4}}, {"pk": 12, "model": "auth.permission", "fields": {"codename": "delete_contenttype", "name": "Can delete content type", "content_type": 4}}, {"pk": 13, "model": "auth.permission", "fields": {"codename": "add_session", "name": "Can add session", "content_type": 5}}, {"pk": 14, "model": "auth.permission", "fields": {"codename": "change_session", "name": "Can change session", "content_type": 5}}, {"pk": 15, "model": "auth.permission", "fields": {"codename": "delete_session", "name": "Can delete session", "content_type": 5}}, {"pk": 16, "model": "auth.permission", "fields": {"codename": "add_site", "name": "Can add site", "content_type": 6}}, {"pk": 17, "model": "auth.permission", "fields": {"codename": "change_site", "name": "Can change site", "content_type": 6}}, {"pk": 18, "model": "auth.permission", "fields": {"codename": "delete_site", "name": "Can delete site", "content_type": 6}}, {"pk": 19, "model": "auth.permission", "fields": {"codename": "add_logentry", "name": "Can add log entry", "content_type": 7}}, {"pk": 20, "model": "auth.permission", "fields": {"codename": "change_logentry", "name": "Can change log entry", "content_type": 7}}, {"pk": 21, "model": "auth.permission", "fields": {"codename": "delete_logentry", "name": "Can delete log entry", "content_type": 7}}, {"pk": 22, "model": "auth.permission", "fields": {"codename": "add_image", "name": "Can add Image", "content_type": 8}}, {"pk": 23, "model": "auth.permission", "fields": {"codename": "change_image", "name": "Can change Image", "content_type": 8}}, {"pk": 24, "model": "auth.permission", "fields": {"codename": "delete_image", "name": "Can delete Image", "content_type": 8}}, {"pk": 25, "model": "auth.permission", "fields": {"codename": "add_file", "name": "Can add File", "content_type": 9}}, {"pk": 26, "model": "auth.permission", "fields": {"codename": "change_file", "name": "Can change File", "content_type": 9}}, {"pk": 27, "model": "auth.permission", "fields": {"codename": "delete_file", "name": "Can delete File", "content_type": 9}}, {"pk": 28, "model": "auth.permission", "fields": {"codename": "add_room", "name": "Can add \u041a\u043e\u043c\u043d\u0430\u0442\u0430", "content_type": 10}}, {"pk": 29, "model": "auth.permission", "fields": {"codename": "change_room", "name": "Can change \u041a\u043e\u043c\u043d\u0430\u0442\u0430", "content_type": 10}}, {"pk": 30, "model": "auth.permission", "fields": {"codename": "delete_room", "name": "Can delete \u041a\u043e\u043c\u043d\u0430\u0442\u0430", "content_type": 10}}, {"pk": 31, "model": "auth.permission", "fields": {"codename": "add_kitchen", "name": "Can add \u041a\u0443\u0445\u043d\u044f", "content_type": 11}}, {"pk": 32, "model": "auth.permission", "fields": {"codename": "change_kitchen", "name": "Can change \u041a\u0443\u0445\u043d\u044f", "content_type": 11}}, {"pk": 33, "model": "auth.permission", "fields": {"codename": "delete_kitchen", "name": "Can delete \u041a\u0443\u0445\u043d\u044f", "content_type": 11}}, {"pk": 34, "model": "auth.permission", "fields": {"codename": "add_wc", "name": "Can add \u0422\u0443\u0430\u043b\u0435\u0442", "content_type": 12}}, {"pk": 35, "model": "auth.permission", "fields": {"codename": "change_wc", "name": "Can change \u0422\u0443\u0430\u043b\u0435\u0442", "content_type": 12}}, {"pk": 36, "model": "auth.permission", "fields": {"codename": "delete_wc", "name": "Can delete \u0422\u0443\u0430\u043b\u0435\u0442", "content_type": 12}}, {"pk": 37, "model": "auth.permission", "fields": {"codename": "add_hallway", "name": "Can add \u041f\u0440\u0438\u0445\u043e\u0436\u0430\u044f", "content_type": 13}}, {"pk": 38, "model": "auth.permission", "fields": {"codename": "change_hallway", "name": "Can change \u041f\u0440\u0438\u0445\u043e\u0436\u0430\u044f", "content_type": 13}}, {"pk": 39, "model": "auth.permission", "fields": {"codename": "delete_hallway", "name": "Can delete \u041f\u0440\u0438\u0445\u043e\u0436\u0430\u044f", "content_type": 13}}, {"pk": 40, "model": "auth.permission", "fields": {"codename": "add_developer", "name": "Can add Developer", "content_type": 14}}, {"pk": 41, "model": "auth.permission", "fields": {"codename": "change_developer", "name": "Can change Developer", "content_type": 14}}, {"pk": 42, "model": "auth.permission", "fields": {"codename": "delete_developer", "name": "Can delete Developer", "content_type": 14}}, {"pk": 43, "model": "auth.permission", "fields": {"codename": "add_regionalbudget", "name": "Can add RegionalBudget", "content_type": 15}}, {"pk": 44, "model": "auth.permission", "fields": {"codename": "change_regionalbudget", "name": "Can change RegionalBudget", "content_type": 15}}, {"pk": 45, "model": "auth.permission", "fields": {"codename": "delete_regionalbudget", "name": "Can delete RegionalBudget", "content_type": 15}}, {"pk": 46, "model": "auth.permission", "fields": {"codename": "add_federalbudget", "name": "Can add FederalBudget", "content_type": 16}}, {"pk": 47, "model": "auth.permission", "fields": {"codename": "change_federalbudget", "name": "Can change FederalBudget", "content_type": 16}}, {"pk": 48, "model": "auth.permission", "fields": {"codename": "delete_federalbudget", "name": "Can delete FederalBudget", "content_type": 16}}, {"pk": 49, "model": "auth.permission", "fields": {"codename": "add_subvention", "name": "Can add Subvention", "content_type": 17}}, {"pk": 50, "model": "auth.permission", "fields": {"codename": "change_subvention", "name": "Can change Subvention", "content_type": 17}}, {"pk": 51, "model": "auth.permission", "fields": {"codename": "delete_subvention", "name": "Can delete Subvention", "content_type": 17}}, {"pk": 52, "model": "auth.permission", "fields": {"codename": "add_mo", "name": "Can add MO", "content_type": 18}}, {"pk": 53, "model": "auth.permission", "fields": {"codename": "change_mo", "name": "Can change MO", "content_type": 18}}, {"pk": 54, "model": "auth.permission", "fields": {"codename": "delete_mo", "name": "Can delete MO", "content_type": 18}}, {"pk": 55, "model": "auth.permission", "fields": {"codename": "add_departamentagreement", "name": "Can add DepartamentAgreement", "content_type": 19}}, {"pk": 56, "model": "auth.permission", "fields": {"codename": "change_departamentagreement", "name": "Can change DepartamentAgreement", "content_type": 19}}, {"pk": 57, "model": "auth.permission", "fields": {"codename": "delete_departamentagreement", "name": "Can delete DepartamentAgreement", "content_type": 19}}, {"pk": 58, "model": "auth.permission", "fields": {"codename": "add_orphan", "name": "Can add Orphan", "content_type": 20}}, {"pk": 59, "model": "auth.permission", "fields": {"codename": "change_orphan", "name": "Can change Orphan", "content_type": 20}}, {"pk": 60, "model": "auth.permission", "fields": {"codename": "delete_orphan", "name": "Can delete Orphan", "content_type": 20}}, {"pk": 61, "model": "auth.permission", "fields": {"codename": "add_peopleamount", "name": "Can add PeopleAmount", "content_type": 21}}, {"pk": 62, "model": "auth.permission", "fields": {"codename": "change_peopleamount", "name": "Can change PeopleAmount", "content_type": 21}}, {"pk": 63, "model": "auth.permission", "fields": {"codename": "delete_peopleamount", "name": "Can delete PeopleAmount", "content_type": 21}}, {"pk": 64, "model": "auth.permission", "fields": {"codename": "add_contract", "name": "Can add Contract", "content_type": 22}}, {"pk": 65, "model": "auth.permission", "fields": {"codename": "change_contract", "name": "Can change Contract", "content_type": 22}}, {"pk": 66, "model": "auth.permission", "fields": {"codename": "delete_contract", "name": "Can delete Contract", "content_type": 22}}, {"pk": 67, "model": "auth.permission", "fields": {"codename": "add_person", "name": "Can add Person", "content_type": 23}}, {"pk": 68, "model": "auth.permission", "fields": {"codename": "change_person", "name": "Can change Person", "content_type": 23}}, {"pk": 69, "model": "auth.permission", "fields": {"codename": "delete_person", "name": "Can delete Person", "content_type": 23}}, {"pk": 70, "model": "auth.permission", "fields": {"codename": "add_comparedata", "name": "Can add CompareData", "content_type": 24}}, {"pk": 71, "model": "auth.permission", "fields": {"codename": "change_comparedata", "name": "Can change CompareData", "content_type": 24}}, {"pk": 72, "model": "auth.permission", "fields": {"codename": "delete_comparedata", "name": "Can delete CompareData", "content_type": 24}}, {"pk": 73, "model": "auth.permission", "fields": {"codename": "add_result", "name": "Can add \u041e\u0441\u043c\u043e\u0442\u0440", "content_type": 25}}, {"pk": 74, "model": "auth.permission", "fields": {"codename": "change_result", "name": "Can change \u041e\u0441\u043c\u043e\u0442\u0440", "content_type": 25}}, {"pk": 75, "model": "auth.permission", "fields": {"codename": "delete_result", "name": "Can delete \u041e\u0441\u043c\u043e\u0442\u0440", "content_type": 25}}, {"pk": 76, "model": "auth.permission", "fields": {"codename": "add_auction", "name": "Can add Auction", "content_type": 26}}, {"pk": 77, "model": "auth.permission", "fields": {"codename": "change_auction", "name": "Can change Auction", "content_type": 26}}, {"pk": 78, "model": "auth.permission", "fields": {"codename": "delete_auction", "name": "Can delete Auction", "content_type": 26}}, {"pk": 79, "model": "auth.permission", "fields": {"codename": "add_ground", "name": "Can add \u0417\u0435\u043c\u0430\u043b\u044c\u043d\u044b\u0439 \u0443\u0447\u0430\u0441\u0442\u043e\u043a", "content_type": 27}}, {"pk": 80, "model": "auth.permission", "fields": {"codename": "change_ground", "name": "Can change \u0417\u0435\u043c\u0430\u043b\u044c\u043d\u044b\u0439 \u0443\u0447\u0430\u0441\u0442\u043e\u043a", "content_type": 27}}, {"pk": 81, "model": "auth.permission", "fields": {"codename": "delete_ground", "name": "Can delete \u0417\u0435\u043c\u0430\u043b\u044c\u043d\u044b\u0439 \u0443\u0447\u0430\u0441\u0442\u043e\u043a", "content_type": 27}}, {"pk": 82, "model": "auth.permission", "fields": {"codename": "add_building", "name": "Can add Building", "content_type": 28}}, {"pk": 83, "model": "auth.permission", "fields": {"codename": "change_building", "name": "Can change Building", "content_type": 28}}, {"pk": 84, "model": "auth.permission", "fields": {"codename": "delete_building", "name": "Can delete Building", "content_type": 28}}, {"pk": 85, "model": "auth.permission", "fields": {"codename": "add_payment", "name": "Can add Payment", "content_type": 29}}, {"pk": 86, "model": "auth.permission", "fields": {"codename": "change_payment", "name": "Can change Payment", "content_type": 29}}, {"pk": 87, "model": "auth.permission", "fields": {"codename": "delete_payment", "name": "Can delete Payment", "content_type": 29}}, {"pk": 88, "model": "auth.permission", "fields": {"codename": "add_migrationhistory", "name": "Can add migration history", "content_type": 30}}, {"pk": 89, "model": "auth.permission", "fields": {"codename": "change_migrationhistory", "name": "Can change migration history", "content_type": 30}}, {"pk": 90, "model": "auth.permission", "fields": {"codename": "delete_migrationhistory", "name": "Can delete migration history", "content_type": 30}}, {"pk": 1, "model": "auth.user", "fields": {"username": "qwe", "first_name": "", "last_name": "", "is_active": true, "is_superuser": true, "is_staff": true, "last_login": "2013-12-01T20:10:55.596Z", "groups": [], "user_permissions": [], "password": "pbkdf2_sha256$10000$jowaqWX1g2f8$fNXUIfUp8vRDZLRhdNQ+bm2VGGEr/JCi7l4ZVmhstpI=", "email": "qq@qq.qq", "date_joined": "2013-12-01T18:24:23.862Z"}}, {"pk": 1, "model": "admin.logentry", "fields": {"action_flag": 3, "action_time": "2013-12-01T18:37:13.191Z", "object_repr": "ekjlkf", "object_id": "1", "change_message": "", "user": 1, "content_type": 18}}, {"pk": 2, "model": "admin.logentry", "fields": {"action_flag": 1, "action_time": "2013-12-01T18:46:55.346Z", "object_repr": "fio", "object_id": "1", "change_message": "", "user": 1, "content_type": 14}}, {"pk": 3, "model": "admin.logentry", "fields": {"action_flag": 1, "action_time": "2013-12-01T21:14:56.941Z", "object_repr": "1", "object_id": "1", "change_message": "", "user": 1, "content_type": 21}}, {"pk": 4, "model": "admin.logentry", "fields": {"action_flag": 1, "action_time": "2013-12-01T21:40:42.630Z", "object_repr": "2", "object_id": "2", "change_message": "", "user": 1, "content_type": 21}}, {"pk": 5, "model": "admin.logentry", "fields": {"action_flag": 2, "action_time": "2013-12-01T21:41:21.605Z", "object_repr": "1", "object_id": "1", "change_message": "\u0418\u0437\u043c\u0435\u043d\u0435\u043d privilege_people \u0438 unhome_orphan.", "user": 1, "content_type": 21}}, {"pk": 6, "model": "admin.logentry", "fields": {"action_flag": 2, "action_time": "2013-12-01T21:48:22.983Z", "object_repr": "\u041e\u0410\u041e \"\u0416\u0438\u043b\u0421\u0442\u0440\u043e\u0439\"", "object_id": "1", "change_message": "\u0418\u0437\u043c\u0435\u043d\u0435\u043d name,face_list,address,phone \u0438 boss_position.", "user": 1, "content_type": 14}}]